Parameter,Value
c1,0.8424238562583923
c2,1734.94384765625
c3,0.08104556798934937
c4,0.0
c5,1020.428955078125
c6,499.9999694824219
c7,99.99999237060547
