Parameter,Value
c1,0.8516835570335388
c2,1766.8570556640625
c3,0.08845161646604538
c4,0.0
c5,884.5816650390625
c6,499.9999694824219
c7,99.99999237060547
